job_role,skills
Data Scientist,"Python SQL Machine Learning Statistics Pandas NumPy Data Analysis Data Visualization Jupyter Scikit-learn"
DevOps Engineer,"AWS Docker Kubernetes CI/CD Automation Linux Terraform Jenkins Cloud Computing Git"
Backend Developer,"Java Python SQL APIs Node.js REST Databases Spring Boot Microservices Git"
Frontend Developer,"JavaScript React CSS HTML UI Design Web Design TypeScript Figma Responsive Design"
Full Stack Developer,"JavaScript React Node.js SQL APIs Python HTML CSS Git Databases REST"
Machine Learning Engineer,"Python Machine Learning TensorFlow PyTorch Deep Learning Neural Networks Data Structures Algorithms Statistics Model Deployment"
Cloud Architect,"AWS Cloud Computing Azure Networking Security Docker Kubernetes Terraform Automation System Design"
Cybersecurity Analyst,"Network Security Penetration Testing Linux Cryptography Firewalls Risk Assessment Python Security Auditing Incident Response"
Data Analyst,"SQL Excel Data Visualization Statistics Python Power BI Tableau Data Cleaning Reporting Pandas"
Mobile App Developer,"Java Kotlin Swift Android iOS Mobile UI Firebase REST APIs Git Flutter"
Database Administrator,"SQL Database Design Indexing Backup Recovery Performance Tuning Oracle MySQL PostgreSQL Security"
AI Research Engineer,"Python Deep Learning Research Papers Machine Learning Neural Networks Mathematics Statistics PyTorch TensorFlow Experimentation"
QA/Test Engineer,"Testing Automation Selenium Test Cases Bug Tracking Python Java Manual Testing CI/CD Quality Assurance"
Systems Administrator,"Linux Networking Windows Server Automation Scripting Security Backup Troubleshooting Virtualization Active Directory"
Product Manager,"Roadmapping Stakeholder Management Agile Data Analysis User Research Communication Prioritization Market Research Strategy"
